Date,Store_ID,Product_ID,Category,Region,Inventory_Level,Units_Sold,Units_Ordered,Price,Discount,Promotion,Weather_Condition,Competitor_Pricing,Seasonality,Epidemic,Demand
2025-01-01,S004,P007,Accessories,North,83,24,0,655.94,0.0,0,Cloudy,692.74,Winter,0,24
2025-01-02,S002,P004,Electronics,South,60,24,0,24755.52,5.0,1,Cloudy,24998.02,Winter,1,24
2025-01-03,S003,P008,Office,South,23,11,0,11774.86,0.0,0,Rainy,11818.92,Winter,1,11
2025-01-04,S003,P005,Electronics,South,106,29,0,19453.72,20.0,1,Cloudy,18254.65,Winter,0,29
2025-01-05,S003,P007,Accessories,North,140,27,0,1167.35,0.0,0,Sunny,1234.62,Winter,0,27
2025-01-06,S001,P010,Electronics,West,56,17,0,35301.03,15.0,1,Sunny,36559.52,Winter,0,17
2025-01-07,S005,P003,Accessories,South,36,13,0,3221.2,0.0,0,Sunny,2998.38,Winter,0,13
2025-01-08,S003,P007,Accessories,North,29,23,44,1067.15,5.0,0,Sunny,1102.64,Winter,0,23
2025-01-09,S004,P008,Office,North,58,14,0,11818.67,20.0,1,Sunny,11901.0,Winter,0,14
2025-01-10,S002,P005,Electronics,South,28,20,33,17862.56,0.0,0,Sunny,16667.12,Winter,0,20
2025-01-11,S004,P004,Electronics,South,100,28,0,24949.88,0.0,0,Sunny,24783.42,Winter,0,28
2025-01-12,S001,P008,Office,West,51,17,0,11973.94,5.0,1,Sunny,11944.63,Winter,1,17
2025-01-13,S001,P008,Office,North,54,13,0,12509.34,15.0,1,Rainy,11840.39,Winter,0,13
2025-01-14,S004,P003,Accessories,North,48,10,0,2536.36,0.0,0,Rainy,2717.23,Winter,0,10
2025-01-15,S005,P006,Accessories,East,111,23,0,2312.85,0.0,0,Sunny,2442.36,Winter,0,23
2025-01-16,S001,P005,Electronics,North,61,30,0,17943.5,0.0,0,Rainy,18428.75,Winter,1,30
2025-01-17,S001,P002,Electronics,West,193,58,0,30055.04,0.0,0,Cloudy,29873.73,Winter,0,58
2025-01-18,S004,P008,Office,East,16,10,0,10601.26,,0,Sunny,10451.6,Winter,0,10
2025-01-19,S001,P006,Accessories,East,61,18,0,2441.43,0.0,0,Sunny,2500.4,Winter,0,18
2025-01-20,S005,P002,Electronics,East,185,62,0,30242.54,15.0,1,Cloudy,30462.38,Winter,0,62
2025-01-21,S005,P005,Electronics,South,86,31,0,18698.61,15.0,1,Cloudy,17389.03,Winter,0,31
2025-01-22,S005,P001,Electronics,South,86,43,0,57972.62,15.0,1,Cloudy,58088.59,Winter,0,43
2025-01-23,S002,P010,Electronics,North,21,14,0,36461.86,0.0,0,Sunny,38249.39,Winter,0,14
2025-01-24,S005,P006,Accessories,East,32,19,0,1702.29,5.0,0,Sunny,1691.19,Winter,0,19
2025-01-25,S005,P009,Wearables,West,122,31,0,9775.73,0.0,0,Sunny,9074.94,Winter,0,31
2025-01-26,S002,P001,Electronics,South,179,43,0,59272.07,0.0,0,Sunny,61986.99,Winter,0,43
2025-01-27,S003,P010,Electronics,West,44,21,0,35428.94,0.0,0,Sunny,33736.08,Winter,0,21
2025-01-28,S001,P003,Accessories,West,70,29,0,1762.61,20.0,1,Sunny,1694.54,Winter,0,29
2025-01-29,S005,P007,Accessories,South,53,19,0,463.36,0.0,0,Rainy,438.5,Winter,0,19
2025-01-30,S001,P004,Electronics,South,41,35,58,26339.82,0.0,0,Rainy,25624.29,Winter,0,35
2025-01-31,S004,P009,Wearables,South,134,31,0,8866.52,5.0,0,Sunny,9230.76,Winter,0,31
2025-02-01,S001,P003,Accessories,South,40,20,0,2652.2,5.0,1,Rainy,2660.43,Winter,0,20
2025-02-02,S002,P005,Electronics,East,72,33,0,18609.05,0.0,0,Sunny,17730.35,Winter,0,33
2025-02-03,S001,P003,Accessories,East,64,26,0,2846.98,0.0,0,Sunny,3019.09,Winter,0,26
2025-02-04,S001,P007,Accessories,East,16,16,25,1005.29,0.0,0,Sunny,1066.35,Winter,1,18
2025-02-05,S001,P005,Electronics,East,94,22,0,18255.47,5.0,0,Cloudy,19337.89,Winter,0,22
2025-02-06,S003,P009,Wearables,North,143,28,0,10682.39,0.0,0,Rainy,10235.95,Winter,0,28
2025-02-07,S003,P007,Accessories,East,14,9,36,859.67,20.0,1,Cloudy,852.96,Winter,0,25
2025-02-08,S004,P002,Electronics,South,133,57,0,30140.77,5.0,0,Sunny,32479.64,Winter,0,57
2025-02-09,S002,P004,Electronics,West,94,32,0,25735.46,0.0,0,Cloudy,26855.52,Winter,0,32
2025-02-10,S001,P009,Wearables,East,144,37,0,9773.87,0.0,0,Sunny,9034.44,Winter,0,37
2025-02-11,S001,P002,Electronics,North,204,65,0,30830.92,10.0,1,Rainy,28686.1,Winter,0,65
2025-02-12,S001,P010,Electronics,South,21,18,35,35447.11,0.0,0,Cloudy,35242.55,Winter,0,18
2025-02-13,S001,P009,Wearables,West,37,34,41,8199.9,0.0,0,Sunny,8736.79,Winter,0,34
2025-02-14,S003,P010,Electronics,West,42,14,0,36143.4,10.0,1,Cloudy,36367.21,Winter,0,14
2025-02-15,S004,P005,Electronics,East,111,30,0,17197.56,15.0,1,Cloudy,17191.54,Winter,0,30
2025-02-16,S005,P002,Electronics,West,88,73,93,30211.84,20.0,1,Sunny,28304.75,Winter,0,73
2025-02-17,S002,P004,Electronics,East,91,33,0,24472.01,20.0,1,Cloudy,25085.88,Winter,0,33
2025-02-18,S001,P007,Accessories,East,47,16,0,855.1,5.0,0,Sunny,899.17,Winter,0,16
2025-02-19,S004,P008,Office,South,74,12,0,12230.13,5.0,0,Cloudy,11996.14,Winter,0,12
2025-02-20,S005,P003,Accessories,South,42,18,0,2724.95,15.0,1,Rainy,2845.11,Winter,0,18
2025-02-21,S004,P001,Electronics,North,28,23,41,60295.34,0.0,0,Rainy,64776.27,Winter,0,29
2025-02-22,S003,P004,Electronics,South,123,28,0,26129.6,0.0,0,Cloudy,24891.12,Winter,0,28
2025-02-23,S005,P002,Electronics,South,177,57,0,30317.47,5.0,1,Cloudy,30430.64,Winter,0,57
2025-02-24,S004,P008,Office,East,81,16,0,11829.09,0.0,0,Sunny,11426.22,Winter,0,16
2025-02-25,S003,P004,Electronics,South,97,35,0,25674.86,0.0,0,Cloudy,26877.9,Winter,0,35
2025-02-26,S004,P002,Electronics,East,120,52,0,30832.63,0.0,0,Sunny,31215.41,Winter,0,52
2025-02-27,S004,P006,Accessories,East,92,26,0,940.67,0.0,0,Sunny,960.93,Winter,0,26
2025-02-28,S005,P006,Accessories,South,54,21,0,2218.18,0.0,0,Sunny,2323.91,Winter,0,21
2025-03-01,S003,P010,Electronics,North,119,23,0,35490.82,0.0,0,Sunny,34900.09,Spring,0,23
2025-03-02,S001,P004,Electronics,North,81,26,0,24791.71,5.0,0,Cloudy,26438.23,Spring,0,26
2025-03-03,S002,P006,Accessories,West,56,23,0,2762.99,0.0,0,Sunny,2777.6,Spring,0,23
2025-03-04,S005,P002,Electronics,West,103,50,0,29894.96,0.0,0,Cloudy,28258.89,Spring,0,50
2025-03-05,S003,P010,Electronics,South,66,22,0,35087.9,5.0,0,Sunny,36187.69,Spring,0,22
2025-03-06,S004,P002,Electronics,North,266,64,0,29878.85,20.0,1,Sunny,31280.82,Spring,0,64
2025-03-07,S003,P010,Electronics,East,100,20,0,35010.91,0.0,0,Cloudy,33984.45,Spring,0,20
2025-03-08,S002,P004,Electronics,West,38,25,0,24232.61,0.0,0,Sunny,25617.47,Spring,0,25
2025-03-09,S002,P008,Office,East,30,14,0,10991.96,5.0,1,Sunny,11706.25,Spring,0,14
2025-03-10,S001,P007,Accessories,West,83,23,0,2016.15,0.0,0,Cloudy,1944.19,Spring,0,23
2025-03-11,S001,P009,Wearables,South,97,28,0,8407.13,10.0,1,Sunny,9057.53,Spring,0,28
2025-03-12,S002,P008,Office,North,34,16,0,11306.03,5.0,0,Rainy,10656.09,Spring,0,16
2025-03-13,S005,P005,Electronics,West,103,23,0,16492.63,5.0,1,Sunny,15706.3,Spring,0,23
2025-03-14,S005,P002,Electronics,North,123,60,0,29552.73,5.0,0,Sunny,28059.6,Spring,0,60
2025-03-15,S004,P005,Electronics,East,94,23,0,17073.84,10.0,1,Cloudy,18150.14,Spring,0,23
2025-03-16,S001,P008,Office,South,41,18,0,13149.41,0.0,0,Sunny,13474.03,Spring,0,18
2025-03-17,S004,P010,Electronics,North,51,23,0,35706.87,20.0,1,Sunny,33719.31,Spring,0,23
2025-03-18,S001,P009,Wearables,South,92,25,0,8518.29,0.0,0,Sunny,8436.96,Spring,0,25
2025-03-19,S002,P009,Wearables,North,32,31,57,10576.71,5.0,0,Sunny,10771.82,Spring,0,31
2025-03-20,S005,P001,Electronics,East,117,38,0,60687.24,20.0,1,Rainy,56642.69,Spring,0,38
2025-03-21,S005,P009,Wearables,East,62,26,0,8772.62,5.0,0,Sunny,9309.38,Spring,0,26
2025-03-22,S002,P007,Accessories,South,5,2,25,-849.58,0.0,0,Cloudy,-890.85,Spring,0,15
2025-03-23,S004,P009,Wearables,East,64,17,0,10603.66,0.0,0,Rainy,10612.49,Spring,0,17
2025-03-24,S004,P008,Office,West,67,17,0,11027.3,0.0,0,Sunny,11851.48,Spring,0,17
2025-03-25,S003,P001,Electronics,North,50,25,0,58848.22,0.0,0,Rainy,58073.88,Spring,0,25
2025-03-26,S001,P008,Office,East,55,16,0,12715.8,0.0,0,Sunny,13700.74,Spring,0,16
2025-03-27,S004,P008,Office,West,75,15,0,13707.83,10.0,1,Rainy,14076.12,Spring,0,15
2025-03-28,S002,P003,Accessories,South,102,26,0,3468.99,0.0,0,Sunny,3543.74,Spring,0,26
2025-03-29,S004,P001,Electronics,West,78,33,0,60394.74,5.0,0,Cloudy,57166.81,Spring,1,33
2025-03-30,S005,P008,Office,South,27,16,0,12416.33,15.0,1,Sunny,13175.07,Spring,0,16
2025-03-31,S001,P003,Accessories,South,89,30,0,3097.39,5.0,1,Sunny,3061.46,Spring,0,30
2025-04-01,S003,P003,Accessories,North,67,24,0,3031.25,0.0,0,Cloudy,2867.43,Spring,0,24
2025-04-02,S001,P001,Electronics,North,104,37,0,60196.83,0.0,0,Cloudy,,Spring,0,37
2025-04-03,S005,P005,Electronics,West,80,28,0,18072.94,5.0,0,Sunny,18245.73,Spring,0,28
2025-04-04,S005,P010,Electronics,North,21,10,0,34956.18,0.0,0,Sunny,35109.43,Spring,0,10
2025-04-05,S005,P007,Accessories,North,26,22,31,372.22,0.0,0,Cloudy,385.29,Spring,0,24
2025-04-06,S005,P010,Electronics,North,44,20,0,34803.53,5.0,0,Cloudy,36976.7,Spring,0,20
2025-04-07,S002,P009,Wearables,West,63,21,0,7814.93,5.0,0,Rainy,7289.02,Spring,0,21
2025-04-08,S003,P007,Accessories,East,24,18,32,831.16,0.0,0,Cloudy,861.95,Spring,0,19
2025-04-09,S005,P009,Wearables,North,131,29,0,8307.99,20.0,1,Rainy,7892.47,Spring,0,29
2025-04-10,S005,P008,Office,North,59,17,0,11227.49,10.0,1,Cloudy,11870.92,Spring,0,17
2025-04-11,S004,P002,Electronics,West,270,58,0,30125.93,0.0,0,Sunny,31663.86,Spring,0,58
2025-04-12,S003,P001,Electronics,East,162,43,0,60974.4,5.0,0,Sunny,61372.38,Spring,0,43
2025-04-13,S001,P007,Accessories,North,61,25,0,1542.82,0.0,0,Cloudy,1594.72,Spring,0,25
2025-04-14,S003,P007,Accessories,South,18,12,32,-199.35,5.0,1,Cloudy,-193.43,Spring,0,17
2025-04-15,S003,P008,Office,West,42,19,0,11307.26,0.0,0,Sunny,11255.1,Spring,0,19
2025-04-16,S003,P005,Electronics,North,57,32,0,18658.54,0.0,0,Sunny,19618.74,Spring,0,32
2025-04-17,S005,P003,Accessories,North,110,26,0,1812.26,5.0,1,Rainy,1800.45,Spring,0,26
2025-04-18,S005,P008,Office,South,86,23,0,11842.76,5.0,1,Cloudy,11573.31,Spring,0,23
2025-04-19,S002,P006,Accessories,South,125,31,0,2185.04,10.0,1,Sunny,2183.01,Spring,0,31
2025-04-20,S001,P003,Accessories,West,116,27,0,1822.16,5.0,0,Sunny,1917.86,Spring,0,27
2025-04-21,S004,P001,Electronics,West,134,37,0,60073.76,0.0,0,Sunny,58489.82,Spring,0,37
2025-04-22,S003,P003,Accessories,South,33,28,44,1566.18,0.0,0,Sunny,1484.43,Spring,0,28
2025-04-23,S001,P005,Electronics,West,130,30,0,17579.04,10.0,1,Sunny,18175.36,Spring,0,30
2025-04-24,S001,P003,Accessories,South,84,26,0,2723.85,10.0,1,Sunny,2865.91,Spring,0,26
2025-04-25,S002,P001,Electronics,North,101,33,0,58884.9,0.0,0,Cloudy,55122.28,Spring,0,33
2025-04-26,S004,P005,Electronics,South,94,34,0,18308.33,0.0,0,Sunny,17546.34,Spring,0,34
2025-04-27,S003,P010,Electronics,South,26,12,0,34986.25,0.0,0,Rainy,32982.08,Spring,0,12
2025-04-28,S004,P007,Accessories,East,126,29,0,1286.74,10.0,1,Rainy,1255.44,Spring,0,29
2025-04-29,S002,P007,Accessories,South,39,26,0,1056.74,15.0,1,Sunny,1048.35,Spring,0,26
2025-04-30,S005,P009,Wearables,South,83,21,0,9954.9,5.0,0,Cloudy,10351.22,Spring,0,21
2025-05-01,S001,P010,Electronics,East,115,19,0,35087.66,0.0,0,Sunny,35936.2,Spring,1,19
2025-05-02,S003,P010,Electronics,West,19,5,0,34699.42,0.0,0,Rainy,35370.8,Spring,0,5
2025-05-03,S005,P003,Accessories,East,113,29,0,2585.61,20.0,1,Sunny,2524.54,Spring,0,29
2025-05-04,S002,P007,Accessories,North,75,27,0,1280.31,15.0,1,Cloudy,1350.25,Spring,0,27
2025-05-05,S004,P001,Electronics,East,140,37,0,60034.2,10.0,1,Cloudy,59758.4,Spring,0,37
2025-05-06,S001,P004,Electronics,North,92,32,0,25028.41,0.0,0,Sunny,26947.01,Spring,1,32
2025-05-07,S003,P004,Electronics,West,99,41,0,24508.61,0.0,0,Sunny,25034.63,Spring,0,41
2025-05-08,S005,P005,Electronics,East,68,22,0,17535.97,0.0,0,Cloudy,16487.36,Spring,0,22
2025-05-09,S005,P007,Accessories,East,42,15,0,-81.82,0.0,0,Cloudy,-84.13,Spring,0,15
2025-05-10,S001,P007,Accessories,West,88,31,0,2124.7,15.0,1,Sunny,2065.25,Spring,0,31
2025-05-11,S004,P004,Electronics,North,104,43,0,24129.3,20.0,1,Cloudy,24848.65,Spring,0,43
2025-05-12,S002,P007,Accessories,East,79,23,0,414.97,20.0,1,Sunny,386.39,Spring,0,23
2025-05-13,S004,P003,Accessories,North,136,31,0,1997.11,5.0,1,Cloudy,1893.23,Spring,0,31
2025-05-14,S004,P006,Accessories,East,64,25,0,2426.45,0.0,0,Sunny,2564.56,Spring,0,25
2025-05-15,S004,P002,Electronics,South,222,55,0,29793.54,15.0,1,Rainy,28493.01,Spring,0,55
2025-05-16,S001,P010,Electronics,East,56,17,0,35873.42,20.0,1,Sunny,37807.95,Spring,0,17
2025-05-17,S001,P009,Wearables,West,173,39,0,8528.56,15.0,1,Sunny,8227.36,Spring,0,39
2025-05-18,S002,P005,Electronics,West,121,34,0,18195.3,0.0,0,Sunny,18611.26,Spring,1,34
2025-05-19,S004,P006,Accessories,North,60,21,0,1215.26,0.0,0,Sunny,1253.01,Spring,0,21
2025-05-20,S001,P004,Electronics,East,46,26,0,26501.6,0.0,0,Cloudy,26555.26,Spring,0,26
2025-05-21,S002,P010,Electronics,North,89,30,0,34168.68,15.0,1,Sunny,33104.32,Spring,0,30
2025-05-22,S002,P007,Accessories,North,27,16,0,1116.87,0.0,0,Rainy,1065.52,Spring,0,16
2025-05-23,S004,P009,Wearables,South,141,27,0,9443.64,5.0,0,Sunny,8738.3,Spring,0,27
2025-05-24,S003,P007,Accessories,South,84,22,0,1189.66,5.0,0,Sunny,1152.34,Spring,0,22
2025-05-25,S004,P001,Electronics,West,90,43,0,59870.3,5.0,0,Sunny,61337.48,Spring,0,43
2025-05-26,S003,P001,Electronics,North,97,40,0,59909.13,0.0,0,Sunny,64110.48,Spring,0,40
2025-05-27,S002,P009,Wearables,West,95,31,0,9030.67,0.0,0,Sunny,9567.02,Spring,0,31
2025-05-28,S001,P009,Wearables,East,61,31,0,8897.1,0.0,0,Sunny,9275.85,Spring,0,31
2025-05-29,S005,P004,Electronics,North,136,31,0,25674.72,5.0,0,Sunny,26859.64,Spring,1,31
2025-05-30,S002,P009,Wearables,North,56,36,0,10547.37,15.0,1,Sunny,10825.79,Spring,0,36
2025-05-31,S001,P003,Accessories,East,13,6,13,2109.76,0.0,0,Cloudy,2028.84,Spring,0,9
2025-06-01,S002,P007,Accessories,East,109,22,0,-58.86,15.0,1,Cloudy,-62.7,Summer,0,22
2025-06-02,S004,P006,Accessories,West,80,21,0,1738.2,0.0,0,Sunny,1785.69,Summer,0,21
2025-06-03,S003,P008,Office,West,44,10,0,13805.8,0.0,0,Sunny,13939.31,Summer,0,10
2025-06-04,S002,P009,Wearables,East,77,33,0,8437.43,15.0,1,Rainy,7912.27,Summer,0,33
2025-06-05,S001,P005,Electronics,West,94,25,0,19147.38,0.0,0,Cloudy,18985.18,Summer,0,25
2025-06-06,S004,P001,Electronics,East,149,46,0,61174.39,0.0,0,Cloudy,60786.38,Summer,0,46
2025-06-07,S005,P003,Accessories,North,113,32,0,2112.49,0.0,0,Sunny,2235.71,Summer,0,32
2025-06-08,S004,P010,Electronics,North,56,18,0,35398.29,5.0,1,Cloudy,35662.49,Summer,0,18
2025-06-09,S003,P008,Office,South,46,15,0,13139.88,0.0,0,Cloudy,12888.43,Summer,0,15
2025-06-10,S004,P006,Accessories,North,35,18,0,1534.61,5.0,0,Cloudy,1651.68,Summer,0,18
2025-06-11,S005,P008,Office,East,30,13,0,11857.49,0.0,0,Rainy,11118.95,Summer,0,13
2025-06-12,S001,P009,Wearables,West,106,31,0,8592.82,0.0,0,Sunny,8486.34,Summer,0,31
2025-06-13,S002,P004,Electronics,South,46,29,0,24289.67,0.0,0,Sunny,22509.82,Summer,0,29
2025-06-14,S003,P001,Electronics,West,115,31,0,59545.51,0.0,0,Cloudy,61831.14,Summer,0,31
2025-06-15,S005,P001,Electronics,East,87,38,0,59143.24,0.0,0,Rainy,63099.47,Summer,0,38
2025-06-16,S003,P010,Electronics,North,83,21,0,35023.86,5.0,0,Sunny,33791.23,Summer,0,21
2025-06-17,S004,P004,Electronics,South,98,28,0,24461.02,0.0,0,Sunny,25863.48,Summer,0,28
2025-06-18,S003,P007,Accessories,East,71,30,0,1063.65,5.0,1,Sunny,1028.29,Summer,0,30
2025-06-19,S005,P002,Electronics,South,102,56,0,28910.87,5.0,0,Sunny,30810.99,Summer,0,56
2025-06-20,S002,P003,Accessories,South,52,24,0,2731.62,5.0,0,Cloudy,2842.61,Summer,0,24
2025-06-21,S002,P001,Electronics,North,144,47,0,60583.47,5.0,1,Cloudy,63539.04,Summer,0,47
2025-06-22,S003,P005,Electronics,East,112,27,0,16604.39,0.0,0,Sunny,15323.87,Summer,0,27
2025-06-23,S001,P001,Electronics,West,71,40,0,60261.84,5.0,0,Sunny,64724.21,Summer,0,40
2025-06-24,S003,P008,Office,South,59,16,0,12859.37,10.0,1,Sunny,13325.74,Summer,0,16
2025-06-25,S004,P001,Electronics,South,77,43,0,59153.25,5.0,1,Sunny,57305.31,Summer,0,43
2025-06-26,S002,P001,Electronics,West,105,35,0,61170.8,5.0,0,Cloudy,64394.69,Summer,0,35
2025-06-27,S002,P002,Electronics,East,282,58,0,30293.31,15.0,1,Rainy,29234.36,Summer,0,58
2025-06-28,S002,P002,Electronics,South,127,53,0,29506.49,0.0,0,Rainy,31266.28,Summer,0,53
2025-06-29,S001,P006,Accessories,South,24,12,0,1760.96,0.0,0,Sunny,1651.8,Summer,0,12
2025-06-30,S001,P007,Accessories,South,32,17,0,1290.83,0.0,0,Rainy,1332.9,Summer,0,17
2025-07-01,S005,P005,Electronics,East,54,28,0,18053.2,20.0,1,Cloudy,18170.76,Summer,0,28
2025-07-02,S003,P001,Electronics,East,98,35,0,60377.13,0.0,0,Cloudy,56479.51,Summer,0,35
2025-07-03,S003,P001,Electronics,West,38,32,52,59355.53,5.0,0,Sunny,56904.32,Summer,0,36
2025-07-04,S004,P003,Accessories,East,89,23,0,2618.55,0.0,0,Sunny,2414.27,Summer,0,23
2025-07-05,S002,P002,Electronics,East,181,62,0,29010.4,0.0,0,Sunny,28865.43,Summer,0,62
2025-07-06,S001,P005,Electronics,North,95,31,0,17922.14,0.0,0,Sunny,17352.26,Summer,1,31
2025-07-07,S004,P010,Electronics,West,35,15,0,34367.26,0.0,0,Sunny,34908.11,Summer,0,15
2025-07-08,S004,P006,Accessories,South,46,13,0,1285.13,5.0,0,Sunny,1243.44,Summer,0,13
2025-07-09,S001,P007,Accessories,East,69,16,0,1765.27,0.0,0,Sunny,1708.75,Summer,0,16
2025-07-10,S003,P004,Electronics,South,110,29,0,25763.92,0.0,0,Cloudy,26766.41,Summer,0,29
2025-07-11,S002,P007,Accessories,South,45,20,0,1326.4,0.0,0,Sunny,1230.5,Summer,0,20
2025-07-12,S003,P008,Office,North,49,12,0,11235.38,5.0,0,Sunny,11959.65,Summer,0,12
2025-07-13,S004,P001,Electronics,East,92,28,0,59778.51,5.0,0,Rainy,63147.76,Summer,0,28
2025-07-14,S002,P006,Accessories,West,59,18,0,2649.17,5.0,1,Rainy,2720.3,Summer,0,18
2025-07-15,S005,P008,Office,East,46,16,0,12099.2,5.0,0,Cloudy,12279.67,Summer,0,16
2025-07-16,S004,P005,Electronics,South,64,27,0,19623.53,5.0,0,Rainy,20855.27,Summer,0,27
2025-07-17,S003,P004,Electronics,West,50,29,0,25275.32,0.0,0,Cloudy,24002.78,Summer,0,29
2025-07-18,S003,P002,Electronics,East,155,52,0,30134.43,0.0,0,Rainy,28104.43,Summer,0,52
2025-07-19,S003,P006,Accessories,South,32,15,0,1583.62,5.0,0,Sunny,1517.62,Summer,0,15
2025-07-20,S001,P006,Accessories,South,83,19,0,1893.48,0.0,0,Sunny,1982.72,Summer,0,19
2025-07-21,S004,P001,Electronics,North,111,34,0,59893.27,0.0,0,Sunny,55434.05,Summer,0,34
2025-07-22,S002,P009,Wearables,North,73,33,0,9495.68,0.0,0,Sunny,9621.49,Summer,0,33
2025-07-23,S003,P006,Accessories,North,27,11,0,2469.69,0.0,0,Sunny,2665.46,Summer,0,11
2025-07-24,S003,P003,Accessories,South,87,21,0,1949.81,0.0,0,Cloudy,2060.77,Summer,0,21
2025-07-25,S001,P004,Electronics,East,105,33,0,24068.14,0.0,0,Cloudy,24150.72,Summer,0,33
2025-07-26,S002,P004,Electronics,North,134,32,0,23714.66,0.0,0,Cloudy,22058.96,Summer,0,32
2025-07-27,S004,P003,Accessories,East,153,37,0,2855.59,0.0,0,Sunny,3007.0,Summer,0,37
2025-07-28,S005,P010,Electronics,North,78,18,0,34227.64,5.0,0,Rainy,34769.69,Summer,0,18
2025-07-29,S001,P003,Accessories,West,76,18,0,992.98,5.0,0,Cloudy,931.8,Summer,1,18
2025-07-30,S004,P003,Accessories,West,100,23,0,2772.01,5.0,0,Sunny,2591.87,Summer,0,23
2025-07-31,S005,P004,Electronics,North,137,28,0,26745.1,5.0,1,Cloudy,28497.98,Summer,0,28
2025-08-01,S003,P007,Accessories,South,61,20,0,895.75,0.0,0,Sunny,920.0,Summer,0,20
2025-08-02,S003,P004,Electronics,North,34,26,41,25586.94,5.0,0,Sunny,26935.01,Summer,0,26
2025-08-03,S002,P009,Wearables,North,72,35,0,9057.28,10.0,1,Rainy,9606.48,Summer,0,35
2025-08-04,S005,P001,Electronics,South,87,38,0,59930.78,20.0,1,Sunny,60619.0,Summer,0,38
2025-08-05,S003,P008,Office,West,66,15,0,12643.35,0.0,0,Sunny,12678.65,Summer,1,15
2025-08-06,S003,P007,Accessories,East,51,16,0,696.81,0.0,0,Rainy,689.05,Summer,0,16
2025-08-07,S002,P002,Electronics,North,255,73,0,30187.17,5.0,1,Cloudy,29303.04,Summer,0,73
2025-08-08,S004,P008,Office,South,43,14,0,12225.19,0.0,0,Sunny,12097.26,Summer,0,14
2025-08-09,S003,P001,Electronics,North,152,45,0,59532.34,0.0,0,Sunny,62141.09,Summer,0,45
2025-08-10,S001,P009,Wearables,South,69,33,0,9694.43,0.0,0,Sunny,9852.52,Summer,0,33
2025-08-11,S001,P009,Wearables,East,103,30,0,8877.53,5.0,0,Cloudy,9435.07,Summer,0,30
2025-08-12,S004,P002,Electronics,East,188,58,0,29470.98,5.0,0,Sunny,29203.99,Summer,0,58
2025-08-13,S005,P007,Accessories,West,50,23,0,1275.56,0.0,0,Sunny,1297.41,Summer,0,23
2025-08-14,S002,P010,Electronics,South,32,6,0,34371.07,5.0,0,Rainy,35093.18,Summer,0,6
2025-08-15,S001,P003,Accessories,South,44,21,0,2519.73,0.0,0,Cloudy,2556.7,Summer,0,21
2025-08-16,S001,P007,Accessories,West,100,25,0,893.62,0.0,0,Sunny,922.59,Summer,0,25
2025-08-17,S004,P010,Electronics,West,51,17,0,35760.13,5.0,0,Cloudy,34257.82,Summer,0,17
2025-08-18,S005,P009,Wearables,South,53,21,0,9332.29,0.0,0,Cloudy,9350.75,Summer,0,21
2025-08-19,S005,P004,Electronics,West,60,31,0,24982.48,0.0,0,Sunny,23400.49,Summer,0,31
2025-08-20,S004,P001,Electronics,East,106,51,0,60572.44,5.0,1,Sunny,59453.17,Summer,0,51
2025-08-21,S001,P002,Electronics,North,225,57,0,30973.15,5.0,0,Rainy,30912.03,Summer,0,57
2025-08-22,S002,P001,Electronics,East,136,36,0,60390.47,,0,Sunny,61861.33,Summer,0,36
2025-08-23,S001,P005,Electronics,West,104,30,0,18007.25,0.0,0,Cloudy,19305.3,Summer,0,30
2025-08-24,S005,P005,Electronics,South,71,24,0,17081.71,0.0,0,Sunny,17356.8,Summer,0,24
2025-08-25,S001,P007,Accessories,South,41,12,0,154.42,0.0,0,Sunny,160.44,Summer,0,12
2025-08-26,S002,P009,Wearables,East,60,24,0,8786.34,0.0,0,Sunny,8795.15,Summer,0,24
2025-08-27,S003,P009,Wearables,South,96,36,0,8573.34,5.0,0,Sunny,8757.3,Summer,0,36
2025-08-28,S001,P003,Accessories,West,58,21,0,2369.12,0.0,0,Sunny,2206.48,Summer,0,21
2025-08-29,S004,P003,Accessories,East,41,21,0,2539.65,0.0,0,Sunny,2439.85,Summer,0,21
2025-08-30,S003,P003,Accessories,South,50,19,0,2870.78,0.0,0,Rainy,2807.33,Summer,0,19
2025-08-31,S004,P004,Electronics,North,157,38,0,24950.65,0.0,0,Rainy,24840.84,Summer,0,38
2025-09-01,S004,P008,Office,North,82,23,0,12340.55,5.0,0,Cloudy,11443.44,Autumn,0,23
2025-09-02,S004,P006,Accessories,West,93,28,0,1845.13,0.0,0,Rainy,1738.86,Autumn,0,28
2025-09-03,S001,P008,Office,South,46,17,0,10617.17,20.0,1,Sunny,10238.04,Autumn,0,17
2025-09-04,S005,P001,Electronics,West,89,34,0,59342.47,5.0,0,Rainy,63819.57,Autumn,0,34
2025-09-05,S003,P008,Office,East,5,0,15,11899.14,0.0,0,Sunny,11578.05,Autumn,0,8
2025-09-06,S002,P004,Electronics,North,142,39,0,24153.21,15.0,1,Rainy,24083.81,Autumn,0,39
2025-09-07,S005,P001,Electronics,East,60,27,0,60419.95,0.0,0,Rainy,57482.07,Autumn,0,27
2025-09-08,S001,P008,Office,South,5,0,21,13071.53,5.0,0,Cloudy,13303.22,Autumn,0,16
2025-09-09,S004,P004,Electronics,West,43,23,0,25853.13,0.0,0,Rainy,24945.93,Autumn,0,23
2025-09-10,S002,P006,Accessories,West,49,15,0,1650.59,0.0,0,Cloudy,1573.21,Autumn,0,15
2025-09-11,S003,P008,Office,West,18,11,0,13043.51,5.0,0,Sunny,13078.09,Autumn,0,11
2025-09-12,S005,P004,Electronics,East,50,28,0,25104.07,0.0,0,Sunny,23117.86,Autumn,0,28
2025-09-13,S005,P003,Accessories,North,82,19,0,2264.04,0.0,0,Cloudy,2085.69,Autumn,0,19
2025-09-14,S002,P009,Wearables,East,68,26,0,8570.62,5.0,0,Sunny,8185.38,Autumn,0,26
2025-09-15,S001,P003,Accessories,East,60,26,0,2288.27,0.0,0,Cloudy,2118.65,Autumn,0,26
2025-09-16,S003,P009,Wearables,South,72,20,0,8728.28,5.0,0,Rainy,8180.87,Autumn,0,20
2025-09-17,S002,P002,Electronics,South,268,58,0,30119.29,0.0,0,Sunny,29342.75,Autumn,0,58
2025-09-18,S004,P002,Electronics,South,203,61,0,30112.4,0.0,0,Cloudy,31570.25,Autumn,0,61
2025-09-19,S003,P002,Electronics,North,227,57,0,30002.13,10.0,1,Rainy,30347.99,Autumn,0,57
2025-09-20,S005,P006,Accessories,North,17,13,18,2105.86,5.0,0,Rainy,2110.12,Autumn,0,13
2025-09-21,S002,P003,Accessories,South,46,20,0,3333.45,0.0,0,Rainy,3223.31,Autumn,0,20
2025-09-22,S005,P009,Wearables,South,59,34,0,9664.69,0.0,0,Cloudy,10332.33,Autumn,0,34
2025-09-23,S005,P004,Electronics,North,105,29,0,23960.57,5.0,0,Rainy,23565.76,Autumn,0,29
2025-09-24,S005,P001,Electronics,West,135,32,0,58212.26,5.0,0,Cloudy,54366.45,Autumn,0,32
2025-09-25,S001,P004,Electronics,North,59,33,0,25654.02,0.0,0,Sunny,26134.54,Autumn,0,33
2025-09-26,S005,P001,Electronics,North,48,30,0,59043.18,5.0,0,Sunny,55395.15,Autumn,0,30
2025-09-27,S004,P005,Electronics,North,100,28,0,17842.66,0.0,0,Cloudy,17400.8,Autumn,0,28
2025-09-28,S004,P004,Electronics,South,81,33,0,24180.92,0.0,0,Sunny,24209.6,Autumn,0,33
2025-09-29,S003,P008,Office,West,42,15,0,10738.61,15.0,1,Cloudy,11381.59,Autumn,0,15
2025-09-30,S005,P008,Office,North,29,11,0,12379.02,0.0,0,Cloudy,12366.24,Autumn,0,11
2025-10-01,S005,P007,Accessories,South,39,19,0,1431.41,0.0,0,Sunny,1477.73,Autumn,0,19
2025-10-02,S002,P003,Accessories,East,103,27,0,2096.44,0.0,0,Cloudy,2261.75,Autumn,0,27
2025-10-03,S001,P001,Electronics,East,241,51,0,58186.27,15.0,1,Cloudy,54755.51,Autumn,0,51
2025-10-04,S003,P001,Electronics,North,115,37,0,59617.63,0.0,0,Sunny,57468.83,Autumn,0,37
2025-10-05,S005,P003,Accessories,East,103,28,0,2774.26,0.0,0,Sunny,2727.47,Autumn,0,28
2025-10-06,S002,P006,Accessories,West,48,13,0,764.76,15.0,1,Sunny,755.2,Autumn,0,13
2025-10-07,S001,P007,Accessories,East,47,23,0,1028.35,20.0,1,Sunny,1013.71,Autumn,0,23
2025-10-08,S003,P006,Accessories,East,23,16,38,1789.28,5.0,1,Rainy,1905.98,Autumn,0,22
2025-10-09,S003,P006,Accessories,West,50,16,0,2205.5,0.0,0,Sunny,2281.03,Autumn,0,16
2025-10-10,S005,P006,Accessories,North,46,15,0,1883.71,0.0,0,Cloudy,1916.23,Autumn,0,15
2025-10-11,S003,P003,Accessories,North,74,22,0,1818.85,0.0,0,Sunny,1763.38,Autumn,0,22
2025-10-12,S002,P006,Accessories,West,91,26,0,2637.6,5.0,1,Sunny,2774.24,Autumn,0,26
2025-10-13,S003,P008,Office,West,51,15,0,11889.03,0.0,0,Rainy,12754.67,Autumn,1,15
2025-10-14,S004,P002,Electronics,West,104,50,0,29980.89,0.0,0,Cloudy,31521.66,Autumn,0,50
2025-10-15,S002,P005,Electronics,East,71,18,0,17346.71,0.0,0,Sunny,15963.32,Autumn,0,18
2025-10-16,S001,P001,Electronics,West,92,42,0,59689.7,20.0,1,Sunny,60992.38,Autumn,0,42
2025-10-17,S001,P001,Electronics,South,119,43,0,59380.64,0.0,0,Sunny,55116.02,Autumn,0,43
2025-10-18,S005,P005,Electronics,East,37,15,0,17878.94,0.0,0,Sunny,17185.54,Autumn,0,15
2025-10-19,S005,P003,Accessories,North,57,22,0,3698.2,0.0,0,Cloudy,3437.56,Autumn,0,22
2025-10-20,S004,P004,Electronics,North,30,23,62,24039.67,0.0,0,Sunny,24438.9,Autumn,0,32
2025-10-21,S001,P003,Accessories,North,61,32,0,1370.51,5.0,0,Sunny,1411.42,Autumn,0,32
2025-10-22,S001,P001,Electronics,East,42,35,55,61029.82,0.0,0,Sunny,57265.38,Autumn,0,38
2025-10-23,S001,P001,Electronics,South,105,38,0,59853.47,5.0,0,Rainy,58741.05,Autumn,0,38
2025-10-24,S001,P005,Electronics,West,53,27,0,17531.65,0.0,0,Rainy,17408.89,Autumn,0,27
2025-10-25,S003,P006,Accessories,West,21,10,0,2527.93,0.0,0,Sunny,2474.97,Autumn,0,10
2025-10-26,S002,P003,Accessories,North,93,28,0,2076.07,0.0,0,Cloudy,1950.18,Autumn,0,28
2025-10-27,S002,P009,Wearables,North,126,33,0,10278.21,0.0,0,Sunny,10144.92,Autumn,0,33
2025-10-28,S004,P005,Electronics,East,35,30,46,18474.55,0.0,0,Sunny,19217.01,Autumn,0,31
2025-10-29,S003,P008,Office,South,90,36,0,11658.46,0.0,0,Cloudy,10858.24,Autumn,0,36
2025-10-30,S001,P001,Electronics,West,100,26,0,61510.12,0.0,0,Rainy,57378.41,Autumn,0,26
2025-10-31,S001,P005,Electronics,East,71,35,0,17576.0,0.0,0,Rainy,17167.59,Autumn,0,35
2025-11-01,S005,P003,Accessories,West,60,23,0,3019.47,0.0,0,Cloudy,3232.87,Autumn,0,23
2025-11-02,S005,P001,Electronics,North,144,47,0,60209.5,20.0,1,Sunny,61833.45,Autumn,0,47
2025-11-03,S004,P004,Electronics,West,141,33,0,25911.22,5.0,0,Cloudy,26651.95,Autumn,0,33
2025-11-04,S001,P005,Electronics,South,141,31,0,19093.06,15.0,1,Sunny,18671.24,Autumn,0,31
2025-11-05,S004,P007,Accessories,South,74,20,0,922.4,0.0,0,Cloudy,936.23,Autumn,0,20
2025-11-06,S003,P001,Electronics,North,149,42,0,59472.61,5.0,0,Sunny,54811.2,Autumn,0,42
2025-11-07,S002,P003,Accessories,South,56,20,0,2821.98,20.0,1,Cloudy,2883.43,Autumn,0,20
2025-11-08,S001,P002,Electronics,South,222,66,0,29525.6,5.0,0,Sunny,31478.01,Autumn,0,66
2025-11-09,S003,P009,Wearables,East,87,30,0,10409.37,0.0,0,Sunny,10596.86,Autumn,0,30
2025-11-10,S001,P010,Electronics,West,20,12,0,35095.57,5.0,0,Rainy,37194.0,Autumn,0,12
2025-11-11,S005,P006,Accessories,North,66,19,0,1544.27,0.0,0,,1599.62,Autumn,1,19
2025-11-12,S004,P010,Electronics,North,92,28,0,35129.28,10.0,1,Cloudy,32996.55,Autumn,0,28
2025-11-13,S005,P003,Accessories,North,55,27,0,1557.01,5.0,1,Sunny,1657.27,Autumn,0,27
2025-11-14,S002,P008,Office,North,74,21,0,11319.87,20.0,1,Sunny,10534.62,Autumn,0,21
2025-11-15,S005,P008,Office,North,5,2,22,12840.29,0.0,0,Sunny,12910.07,Autumn,0,14
2025-11-16,S001,P002,Electronics,South,140,67,0,29540.17,0.0,0,Sunny,27848.76,Autumn,0,67
2025-11-17,S005,P006,Accessories,East,24,21,48,1067.16,20.0,1,Rainy,983.79,Autumn,0,25
2025-11-18,S001,P007,Accessories,North,124,32,0,1275.66,0.0,0,Sunny,1259.74,Autumn,1,32
2025-11-19,S002,P002,Electronics,East,189,56,0,30829.99,5.0,0,Rainy,29818.97,Autumn,0,56
2025-11-20,S005,P010,Electronics,East,63,22,0,35503.27,5.0,0,Cloudy,35423.74,Autumn,0,22
2025-11-21,S004,P002,Electronics,South,223,63,0,30697.23,5.0,0,Sunny,31076.41,Autumn,0,63
2025-11-22,S004,P010,Electronics,North,46,28,0,34470.24,10.0,1,Cloudy,31953.86,Autumn,0,28
2025-11-23,S004,P001,Electronics,South,146,36,0,59004.73,0.0,0,Cloudy,55445.6,Autumn,0,36
2025-11-24,S005,P008,Office,North,78,23,0,13050.93,15.0,1,Cloudy,13173.39,Autumn,1,23
2025-11-25,S005,P001,Electronics,South,92,39,0,59774.12,0.0,0,Sunny,58274.2,Autumn,0,39
2025-11-26,S005,P009,Wearables,East,144,32,0,8824.42,0.0,0,Sunny,9147.99,Autumn,0,32
2025-11-27,S001,P006,Accessories,North,30,19,0,2729.74,0.0,0,Rainy,2796.25,Autumn,0,19
2025-11-28,S002,P007,Accessories,West,50,26,0,1289.36,5.0,1,Rainy,1360.66,Autumn,0,26
2025-11-29,S004,P010,Electronics,East,36,17,0,35319.12,0.0,0,Rainy,36406.91,Autumn,0,17
2025-11-30,S001,P007,Accessories,West,79,24,0,2415.5,5.0,0,Sunny,2388.42,Autumn,0,24
2025-12-01,S004,P010,Electronics,East,65,27,0,34549.54,0.0,0,Cloudy,35505.68,Winter,0,27
2025-12-02,S001,P003,Accessories,South,57,35,0,3149.49,5.0,1,Sunny,3036.3,Winter,0,35
2025-12-03,S005,P002,Electronics,North,165,68,0,30039.91,0.0,0,Sunny,29108.98,Winter,0,68
2025-12-04,S004,P009,Wearables,East,85,34,0,9188.01,20.0,1,Sunny,9612.85,Winter,0,34
2025-12-05,S005,P008,Office,South,18,12,0,13069.93,0.0,0,Cloudy,12957.88,Winter,0,12
2025-12-06,S004,P010,Electronics,North,87,24,0,35355.49,5.0,0,Sunny,37043.39,Winter,0,24
2025-12-07,S003,P007,Accessories,North,121,27,0,1276.81,0.0,0,Sunny,1342.67,Winter,0,27
2025-12-08,S001,P009,Wearables,East,106,36,0,9750.76,5.0,0,Rainy,10308.6,Winter,0,36
2025-12-09,S003,P004,Electronics,North,72,32,0,24744.53,0.0,0,Sunny,26394.04,Winter,0,32
2025-12-10,S001,P004,Electronics,East,107,33,0,24412.55,0.0,0,Sunny,24142.98,Winter,0,33
2025-12-11,S002,P001,Electronics,North,41,32,53,59268.63,0.0,0,Sunny,57550.95,Winter,0,32
2025-12-12,S004,P008,Office,West,74,16,0,10623.55,20.0,1,Rainy,10763.27,Winter,0,16
2025-12-13,S002,P003,Accessories,South,100,30,0,3939.34,0.0,0,Cloudy,3858.15,Winter,0,30
2025-12-14,S002,P007,Accessories,West,63,21,0,127.75,0.0,0,Sunny,129.82,Winter,0,21
2025-12-15,S001,P002,Electronics,East,240,70,0,29845.12,10.0,1,Rainy,30826.84,Winter,0,70
2025-12-16,S003,P002,Electronics,West,153,57,0,29806.23,0.0,0,Rainy,30704.73,Winter,0,57
2025-12-17,S005,P007,Accessories,East,98,24,0,1115.18,5.0,0,Sunny,1092.8,Winter,0,24
2025-12-18,S001,P006,Accessories,North,7,7,30,2371.02,15.0,1,Cloudy,2244.64,Winter,0,17
2025-12-19,S005,P003,Accessories,North,84,25,0,3102.33,5.0,0,Cloudy,3067.85,Winter,0,25
2025-12-20,S002,P009,Wearables,East,63,16,0,8591.85,0.0,0,Cloudy,8100.52,Winter,0,16
2025-12-21,S005,P010,Electronics,West,84,19,0,34883.01,0.0,0,Sunny,37060.26,Winter,0,19
2025-12-22,S003,P006,Accessories,North,62,13,0,1997.81,20.0,1,Rainy,1948.54,Winter,0,13
2025-12-23,S001,P010,Electronics,South,34,25,34,34825.92,0.0,0,Cloudy,32900.52,Winter,0,25
2025-12-24,S003,P010,Electronics,North,63,23,0,36125.14,5.0,0,Sunny,33382.22,Winter,0,23
2025-12-25,S003,P006,Accessories,South,77,26,0,2143.68,10.0,1,Sunny,2193.7,Winter,0,26
2025-12-26,S001,P001,Electronics,West,168,55,0,60514.41,5.0,1,Sunny,61839.94,Winter,0,55
2025-12-27,S003,P004,Electronics,South,96,30,0,25464.02,0.0,0,Sunny,24814.6,Winter,0,30
2025-12-28,S004,P010,Electronics,South,50,28,0,35821.43,0.0,0,Cloudy,33366.73,Winter,0,28
2025-12-29,S004,P006,Accessories,South,71,25,0,1926.72,0.0,0,Sunny,1898.86,Winter,0,25
2025-12-30,S004,P006,Accessories,South,66,20,0,892.22,0.0,0,Sunny,865.27,Winter,0,20
2025-12-31,S005,P005,Electronics,North,84,34,0,18279.78,0.0,0,Cloudy,18797.82,Winter,0,34
2026-01-01,S003,P001,Electronics,South,108,31,0,59544.05,0.0,0,Sunny,60551.81,Winter,0,31
2026-01-02,S001,P008,Office,North,23,12,0,11629.97,20.0,1,Rainy,11378.01,Winter,0,12
2026-01-03,S001,P005,Electronics,South,22,17,43,18410.45,15.0,1,Sunny,17579.46,Winter,0,26
2026-01-04,S005,P005,Electronics,East,65,23,0,18866.8,0.0,0,Sunny,20340.03,Winter,0,23
2026-01-05,S001,P007,Accessories,West,67,18,0,914.89,20.0,1,Sunny,908.16,Winter,0,18
2026-01-06,S004,P004,Electronics,South,172,37,0,25216.18,0.0,0,Sunny,25975.79,Winter,0,37
2026-01-07,S003,P006,Accessories,East,48,20,0,2991.55,10.0,1,Sunny,2819.5,Winter,1,20
2026-01-08,S001,P004,Electronics,South,76,32,0,25168.53,0.0,0,Cloudy,25110.5,Winter,0,32
2026-01-09,S001,P003,Accessories,South,68,18,0,4321.18,0.0,0,Rainy,3994.52,Winter,0,18
2026-01-10,S002,P007,Accessories,South,26,15,0,1295.86,5.0,1,Sunny,1296.99,Winter,0,15
2026-01-11,S002,P008,Office,East,37,16,0,10767.47,0.0,0,Cloudy,11566.87,Winter,0,16
2026-01-12,S002,P004,Electronics,West,53,20,0,25527.34,0.0,0,Cloudy,25054.4,Winter,0,20
2026-01-13,S003,P002,Electronics,East,212,51,0,30266.81,0.0,0,Rainy,28034.31,Winter,0,51
2026-01-14,S004,P010,Electronics,West,23,11,0,35902.83,0.0,0,Sunny,33208.42,Winter,0,11
2026-01-15,S004,P003,Accessories,South,67,33,0,2971.23,0.0,0,Sunny,2917.98,Winter,0,33
2026-01-16,S004,P001,Electronics,North,79,41,0,59903.08,0.0,0,Sunny,56644.59,Winter,0,41
2026-01-17,S003,P008,Office,South,28,16,0,11142.99,0.0,0,Cloudy,10293.19,Winter,0,16
2026-01-18,S003,P003,Accessories,West,70,27,0,2353.68,5.0,0,Rainy,2450.17,Winter,0,27
2026-01-19,S002,P010,Electronics,East,32,13,0,34404.64,0.0,0,Sunny,34176.32,Winter,0,13
2026-01-20,S001,P007,Accessories,South,45,23,0,493.63,0.0,0,Sunny,476.99,Winter,0,23
2026-01-21,S005,P010,Electronics,East,107,19,0,35412.0,15.0,1,Rainy,37678.84,Winter,0,19
2026-01-22,S005,P005,Electronics,East,96,25,0,19168.93,0.0,0,Rainy,17991.62,Winter,0,25
2026-01-23,S001,P010,Electronics,East,87,22,0,35276.27,0.0,0,Rainy,37849.57,Winter,1,22
2026-01-24,S002,P005,Electronics,South,95,29,0,17162.88,0.0,0,Cloudy,16652.02,Winter,0,29
2026-01-25,S001,P007,Accessories,East,46,25,0,1211.22,15.0,1,Sunny,1286.49,Winter,0,25
2026-01-26,S001,P009,Wearables,East,39,19,0,9837.64,5.0,0,Cloudy,9999.68,Winter,0,19
2026-01-27,S005,P005,Electronics,South,46,20,0,17573.15,0.0,0,Cloudy,18491.76,Winter,0,20
2026-01-28,S002,P001,Electronics,East,128,35,0,59906.19,5.0,0,Sunny,64545.45,Winter,0,35
2026-01-29,S003,P010,Electronics,South,83,17,0,35010.28,5.0,0,Cloudy,33825.0,Winter,0,17
2026-01-30,S005,P010,Electronics,West,40,11,0,34450.57,5.0,0,Cloudy,36992.39,Winter,0,11
2026-01-31,S003,P001,Electronics,West,237,54,0,60453.8,10.0,1,Sunny,59384.8,Winter,0,54
2026-02-01,S002,P002,Electronics,West,108,70,0,29915.34,15.0,1,Cloudy,29367.34,Winter,0,70
2026-02-02,S001,P006,Accessories,East,84,21,0,2093.67,5.0,0,Cloudy,2040.2,Winter,0,21
2026-02-03,S004,P009,Wearables,North,119,26,0,8378.76,5.0,0,Rainy,8434.27,Winter,0,26
2026-02-04,S004,P008,Office,North,37,17,0,11693.78,5.0,1,Sunny,11046.68,Winter,0,17
2026-02-05,S002,P005,Electronics,East,49,21,0,18505.67,0.0,0,Sunny,18664.7,Winter,0,21
2026-02-06,S004,P001,Electronics,North,43,35,53,59739.02,0.0,0,Cloudy,60137.64,Winter,0,35
2026-02-07,S003,P007,Accessories,South,59,22,0,2108.87,5.0,0,Sunny,2197.25,Winter,0,22
2026-02-08,S004,P005,Electronics,North,66,19,0,17720.25,0.0,0,Cloudy,18666.23,Winter,0,19
2026-02-09,S002,P006,Accessories,East,29,19,0,1957.28,5.0,0,Cloudy,1938.63,Winter,0,19
2026-02-10,S002,P007,Accessories,East,84,20,0,1552.81,0.0,0,Sunny,1503.7,Winter,0,20
2026-02-11,S003,P003,Accessories,South,55,15,0,1507.14,15.0,1,Cloudy,1449.11,Winter,0,15
2026-02-12,S004,P010,Electronics,West,57,15,0,33767.43,20.0,1,Cloudy,32117.55,Winter,0,15
2026-02-13,S004,P003,Accessories,East,89,20,0,1432.04,5.0,0,Sunny,1330.69,Winter,0,20
2026-02-14,S001,P005,Electronics,South,152,33,0,18883.81,5.0,0,Rainy,18407.78,Winter,0,33
2026-02-15,S005,P006,Accessories,North,22,19,42,1413.7,5.0,1,Rainy,1361.73,Winter,0,22
2026-02-16,S002,P009,Wearables,North,83,25,0,10790.74,15.0,1,Cloudy,11596.02,Winter,0,25
2026-02-17,S001,P005,Electronics,South,42,27,0,17605.03,0.0,0,Cloudy,17767.58,Winter,0,27
2026-02-18,S002,P001,Electronics,South,145,33,0,60129.19,15.0,1,Sunny,58659.89,Winter,0,33
2026-02-19,S001,P004,Electronics,East,110,38,0,26079.48,10.0,1,Rainy,26415.25,Winter,0,38
2026-02-20,S005,P005,Electronics,North,54,23,0,19404.27,0.0,0,Cloudy,18284.09,Winter,0,23
2026-02-21,S001,P010,Electronics,South,54,17,0,36443.05,0.0,0,Cloudy,36116.78,Winter,0,17
2026-02-22,S002,P010,Electronics,North,85,23,0,35845.86,0.0,0,Rainy,36569.85,Winter,0,23
2026-02-23,S004,P005,Electronics,South,42,19,0,18716.84,0.0,0,Sunny,18683.6,Winter,0,19
2026-02-24,S002,P007,Accessories,North,18,12,0,1314.77,0.0,0,Rainy,1294.11,Winter,0,12
2026-02-25,S003,P004,Electronics,West,131,32,0,25544.85,20.0,1,Sunny,27563.3,Winter,0,32
2026-02-26,S003,P001,Electronics,East,158,41,0,59614.17,0.0,0,Sunny,63241.71,Winter,0,41
2026-02-27,S003,P005,Electronics,North,72,18,0,17427.26,5.0,0,Sunny,17771.36,Winter,0,18
2026-02-28,S003,P007,Accessories,West,6,2,7,897.64,0.0,0,Rainy,907.6,Winter,0,5
2026-03-01,S005,P010,Electronics,North,59,14,0,34880.87,0.0,0,Rainy,35554.27,Spring,0,14
2026-03-02,S004,P010,Electronics,North,17,14,35,34682.74,5.0,1,Cloudy,33025.25,Spring,0,23
2026-03-03,S004,P006,Accessories,West,104,24,0,2287.47,5.0,0,Cloudy,2249.09,Spring,0,24
2026-03-04,S002,P005,Electronics,North,80,23,0,18668.71,0.0,0,Cloudy,17293.08,Spring,0,23
2026-03-05,S001,P004,Electronics,North,64,26,0,25061.88,0.0,0,Rainy,24963.83,Spring,0,26
2026-03-06,S002,P002,Electronics,East,162,62,0,31034.27,0.0,0,Sunny,31247.91,Spring,0,62
2026-03-07,S002,P004,Electronics,West,101,22,0,24200.82,0.0,0,Sunny,23146.63,Spring,0,22
2026-03-08,S002,P010,Electronics,West,38,16,0,34864.44,0.0,0,Sunny,37452.94,Spring,1,16
2026-03-09,S002,P010,Electronics,South,49,18,0,34498.22,5.0,0,Cloudy,36758.3,Spring,0,18
2026-03-10,S004,P003,Accessories,North,80,24,0,1193.42,5.0,0,Cloudy,1235.84,Spring,0,24
2026-03-11,S001,P010,Electronics,East,56,15,0,34942.12,5.0,0,Sunny,35128.78,Spring,0,15
2026-03-12,S002,P001,Electronics,North,127,36,0,59914.78,0.0,0,Sunny,63461.44,Spring,0,36
2026-03-13,S004,P008,Office,North,25,4,0,13059.41,15.0,1,Rainy,12287.66,Spring,0,4
2026-03-14,S002,P005,Electronics,South,95,22,0,18441.57,0.0,0,Sunny,19298.76,Spring,0,22
2026-03-15,S003,P004,Electronics,North,128,32,0,24283.07,5.0,0,Cloudy,22825.39,Spring,0,32
2026-03-16,S002,P008,Office,East,33,9,0,13297.86,0.0,0,Rainy,13923.84,Spring,0,9
2026-03-17,S002,P007,Accessories,East,40,21,0,1754.72,0.0,0,Sunny,1691.77,Spring,0,21
2026-03-18,S005,P002,Electronics,South,175,59,0,30407.47,0.0,0,Sunny,32242.09,Spring,0,59
2026-03-19,S003,P001,Electronics,North,102,33,0,59841.46,0.0,0,Cloudy,64093.0,Spring,0,33
2026-03-20,S001,P004,Electronics,East,63,33,0,24328.39,10.0,1,Rainy,22961.32,Spring,0,33
2026-03-21,S002,P008,Office,North,31,10,0,11739.46,0.0,0,Cloudy,11669.35,Spring,0,10
2026-03-22,S001,P002,Electronics,North,176,51,0,30762.12,0.0,0,Rainy,33129.51,Spring,0,51
2026-03-23,S003,P003,Accessories,North,81,26,0,3819.21,0.0,0,Sunny,3809.07,Spring,0,26
2026-03-24,S002,P001,Electronics,South,128,41,0,61080.27,15.0,1,Cloudy,64633.16,Spring,0,41
2026-03-25,S005,P001,Electronics,North,80,32,0,59657.81,0.0,0,Cloudy,60504.77,Spring,0,32
2026-03-26,S004,P003,Accessories,East,100,22,0,1716.27,0.0,0,Rainy,1682.03,Spring,0,22
2026-03-27,S005,P005,Electronics,North,64,29,0,18098.62,5.0,0,Sunny,17478.3,Spring,0,29
2026-03-28,S005,P003,Accessories,East,40,10,0,1262.09,0.0,0,Rainy,1202.16,Spring,0,10
2026-03-29,S004,P001,Electronics,North,82,41,0,60226.22,0.0,0,Cloudy,62748.96,Spring,0,41
2026-03-30,S004,P001,Electronics,East,88,40,0,59896.68,10.0,1,Sunny,58809.34,Spring,0,40
2026-03-31,S004,P008,Office,East,55,17,0,11673.77,5.0,0,Sunny,11694.83,Spring,0,17
2026-04-01,S002,P010,Electronics,North,39,22,0,33883.71,0.0,0,Rainy,33842.1,Spring,0,22
2026-04-02,S001,P002,Electronics,North,77,50,0,30359.52,0.0,0,Sunny,30734.9,Spring,0,50
2026-04-03,S001,P003,Accessories,East,40,19,0,2127.11,5.0,0,Sunny,2251.53,Spring,0,19
2026-04-04,S004,P002,Electronics,West,173,55,0,29181.06,0.0,0,Sunny,31425.62,Spring,0,55
2026-04-05,S005,P003,Accessories,South,69,17,0,489.42,0.0,0,Rainy,482.18,Spring,0,17
2026-04-06,S003,P007,Accessories,West,76,32,0,880.74,5.0,1,Cloudy,926.89,Spring,0,32
2026-04-07,S004,P001,Electronics,West,89,31,0,61240.58,0.0,0,Cloudy,63832.55,Spring,0,31
2026-04-08,S005,P010,Electronics,North,23,15,0,36162.88,0.0,0,Sunny,36588.32,Spring,0,15
2026-04-09,S005,P008,Office,South,62,16,0,11680.03,0.0,0,Cloudy,12532.3,Spring,0,16
2026-04-10,S002,P010,Electronics,West,27,11,0,34578.45,0.0,0,Cloudy,32921.31,Spring,0,11
2026-04-11,S002,P010,Electronics,North,30,14,0,35328.14,5.0,0,Rainy,33119.51,Spring,0,14
2026-04-12,S001,P010,Electronics,West,54,18,0,34301.13,0.0,0,Rainy,36243.74,Spring,0,18
2026-04-13,S001,P002,Electronics,West,157,55,0,30211.25,0.0,0,Sunny,29917.12,Spring,1,55
2026-04-14,S003,P003,Accessories,North,111,25,0,3036.26,5.0,1,Cloudy,3204.81,Spring,0,25
2026-04-15,S003,P009,Wearables,North,83,30,0,9858.85,20.0,1,Sunny,10478.92,Spring,0,30
2026-04-16,S003,P007,Accessories,North,85,12,0,829.89,0.0,0,Cloudy,771.79,Spring,1,12
2026-04-17,S003,P004,Electronics,South,63,33,0,24857.43,0.0,0,Sunny,26382.54,Spring,0,33
2026-04-18,S005,P010,Electronics,West,38,26,37,34385.41,5.0,0,Sunny,34101.08,Spring,0,26
2026-04-19,S005,P005,Electronics,North,33,26,50,17421.18,5.0,0,Sunny,17450.26,Spring,0,26
2026-04-20,S001,P002,Electronics,East,112,55,0,29841.46,5.0,0,Cloudy,30445.9,Spring,0,55
2026-04-21,S002,P008,Office,West,56,19,0,12257.16,5.0,0,Sunny,13093.35,Spring,0,19
2026-04-22,S002,P004,Electronics,East,99,24,0,25639.51,0.0,0,Cloudy,23666.77,Spring,0,24
2026-04-23,S004,P009,Wearables,South,63,37,0,8437.77,0.0,0,Sunny,8406.51,Spring,0,37
2026-04-24,S005,P005,Electronics,North,106,27,0,19044.88,0.0,0,Sunny,19616.91,Spring,0,27
2026-04-25,S003,P009,Wearables,East,173,36,0,8810.21,0.0,0,Cloudy,9124.15,Spring,0,36
2026-04-26,S003,P004,Electronics,South,65,27,0,24985.04,0.0,0,Sunny,25754.71,Spring,0,27
2026-04-27,S004,P010,Electronics,North,58,27,0,34476.95,0.0,0,Sunny,32460.38,Spring,0,27
2026-04-28,S002,P005,Electronics,East,49,29,0,16303.03,0.0,0,Cloudy,15779.76,Spring,0,29
2026-04-29,S003,P009,Wearables,East,66,32,0,9618.83,0.0,0,Sunny,9401.39,Spring,0,32
2026-04-30,S002,P008,Office,South,40,19,0,12515.79,10.0,1,Sunny,13125.43,Spring,0,19
2026-05-01,S004,P003,Accessories,North,36,21,0,2303.07,5.0,0,Sunny,2221.55,Spring,0,21
2026-05-02,S002,P001,Electronics,North,117,39,0,60046.89,0.0,0,Rainy,57267.49,Spring,0,39
2026-05-03,S002,P003,Accessories,East,79,23,0,2861.16,0.0,0,Cloudy,3070.57,Spring,0,23
2026-05-04,S002,P004,Electronics,East,83,20,0,23906.22,0.0,0,Cloudy,22027.62,Spring,0,20
2026-05-05,S003,P002,Electronics,East,158,49,0,29629.66,5.0,0,Cloudy,31989.71,Spring,0,49
2026-05-06,S001,P001,Electronics,North,157,35,0,60555.99,0.0,0,Sunny,62269.2,Spring,0,35
2026-05-07,S005,P007,Accessories,South,49,25,0,22.0,20.0,1,Sunny,23.15,Spring,0,25
2026-05-08,S002,P008,Office,South,50,17,0,12205.49,15.0,1,Cloudy,11804.41,Spring,1,17
2026-05-09,S002,P007,Accessories,North,88,27,0,-49.61,0.0,0,Sunny,-45.75,Spring,0,27
2026-05-10,S002,P005,Electronics,West,35,16,0,18326.5,5.0,0,Sunny,19023.99,Spring,0,16
2026-05-11,S001,P001,Electronics,South,76,36,0,59975.05,5.0,0,Sunny,63181.51,Spring,0,36
2026-05-12,S004,P007,Accessories,East,51,12,0,-230.59,0.0,0,Sunny,-239.46,Spring,0,12
2026-05-13,S003,P007,Accessories,West,70,25,0,1715.32,15.0,1,Rainy,1617.3,Spring,0,25
2026-05-14,S001,P009,Wearables,West,97,28,0,8485.79,0.0,0,Sunny,8829.87,Spring,0,28
2026-05-15,S002,P003,Accessories,South,96,24,0,1932.82,0.0,0,Cloudy,2015.99,Spring,0,24
2025-02-20,S005,P003,Accessories,South,42,18,0,2724.95,15.0,1,Rainy,2845.11,Winter,0,18
2025-07-20,S001,P006,Accessories,South,83,19,0,1893.48,0.0,0,Sunny,1982.72,Summer,0,19
